PeriodStart,Cost,sma,es,hw,arima,sarima,theta,prophet,neural_prophet,darts,ensemble
2024-10-01,103.0,,,,,,,,,,
2024-10-02,103.515,,,,,,,,,,
2024-10-03,104.03,,,,,,,,,,
2024-10-04,104.545,,,,,,,,,,
2024-10-05,105.06,,,,,,,,,,
2024-10-06,105.575,,,,,,,,,,
2024-10-07,106.09,,,,,,,,,,
2024-10-08,106.605,,,,,,,,,,
2024-10-09,107.12,,,,,,,,,,
2024-10-10,107.635,,,,,,,,,,
2024-10-11,108.15,,,,,,,,,,
2024-10-12,108.665,,,,,,,,,,
2024-10-13,109.18,,,,,,,,,,
2024-10-14,109.695,,,,,,,,,,
2024-10-15,110.21,,,,,,,,,,
2024-10-16,110.725,,,,,,,,,,
2024-10-17,111.24,,,,,,,,,,
2024-10-18,111.755,,,,,,,,,,
2024-10-19,112.27,,,,,,,,,,
2024-10-20,112.785,,,,,,,,,,
2024-10-21,113.3,,,,,,,,,,
2024-10-22,113.815,,,,,,,,,,
2024-10-23,114.33,,,,,,,,,,
2024-10-24,114.845,,,,,,,,,,
2024-10-25,115.36,,,,,,,,,,
2024-10-26,115.875,,,,,,,,,,
2024-10-27,116.39,,,,,,,,,,
2024-10-28,116.905,,,,,,,,,,
2024-10-29,117.42,,,,,,,,,,
2024-10-30,117.935,,,,,,,,,,
2024-10-31,118.45,,,,,,,,,,
2024-11-01,121.275,,,,,,,,,,
2024-11-02,121.8,,,,,,,,,,
2024-11-03,122.325,,,,,,,,,,
2024-11-04,122.85,,,,,,,,,,
2024-11-05,123.375,,,,,,,,,,
2024-11-06,123.9,,,,,,,,,,
2024-11-07,124.425,,,,,,,,,,
2024-11-08,124.95,,,,,,,,,,
2024-11-09,125.475,,,,,,,,,,
2024-11-10,126.0,,,,,,,,,,
2024-11-11,126.525,,,,,,,,,,
2024-11-12,127.05,,,,,,,,,,
2024-11-13,127.575,,,,,,,,,,
2024-11-14,128.1,,,,,,,,,,
2024-11-15,128.625,,,,,,,,,,
2024-11-16,129.15,,,,,,,,,,
2024-11-17,129.675,,,,,,,,,,
2024-11-18,130.20000000000002,,,,,,,,,,
2024-11-19,130.725,,,,,,,,,,
2024-11-20,131.25,,,,,,,,,,
2024-11-21,131.775,,,,,,,,,,
2024-11-22,132.3,,,,,,,,,,
2024-11-23,132.82500000000002,,,,,,,,,,
2024-11-24,133.35,,,,,,,,,,
2024-11-25,133.875,,,,,,,,,,
2024-11-26,134.4,,,,,,,,,,
2024-11-27,134.925,,,,,,,,,,
2024-11-28,135.45000000000002,,,,,,,,,,
2024-11-29,135.975,,,,,,,,,,
2024-11-30,136.5,,,,,,,,,,
2024-12-01,156.6,,,,,,,,,,
2024-12-02,157.2,,,,,,,,,,
2024-12-03,157.79999999999998,,,,,,,,,,
2024-12-04,158.4,,,,,,,,,,
2024-12-05,159.0,,,,,,,,,,
2024-12-06,159.6,,,,,,,,,,
2024-12-07,160.2,,,,,,,,,,
2024-12-08,160.79999999999998,,,,,,,,,,
2024-12-09,161.4,,,,,,,,,,
2024-12-10,162.0,,,,,,,,,,
2024-12-11,162.6,,,,,,,,,,
2024-12-12,163.2,,,,,,,,,,
2024-12-13,163.79999999999998,,,,,,,,,,
2024-12-14,164.4,,,,,,,,,,
2024-12-15,165.0,,,,,,,,,,
2024-12-16,165.6,,,,,,,,,,
2024-12-17,166.2,,,,,,,,,,
2024-12-18,166.79999999999998,,,,,,,,,,
2024-12-19,167.4,,,,,,,,,,
2024-12-20,168.0,,,,,,,,,,
2024-12-21,168.6,,,,,,,,,,
2024-12-22,169.2,,,,,,,,,,
2024-12-23,169.79999999999998,,,,,,,,,,
2024-12-24,170.4,,,,,,,,,,
2024-12-25,171.0,,,,,,,,,,
2024-12-26,171.6,,,,,,,,,,
2024-12-27,172.2,,,,,,,,,,
2024-12-28,172.79999999999998,,,,,,,,,,
2024-12-29,173.4,,,,,,,,,,
2024-12-30,174.0,,,,,,,,,,
2024-12-31,174.6,,,,,,,,,,
2025-01-01,146.0,,,,,,,,,,
2025-01-02,146.5,,,,,,,,,,
2025-01-03,147.0,,,,,,,,,,
2025-01-04,147.5,,,,,,,,,,
2025-01-05,148.0,,,,,,,,,,
2025-01-06,148.5,,,,,,,,,,
2025-01-07,149.0,,,,,,,,,,
2025-01-08,149.5,,,,,,,,,,
2025-01-09,150.0,,,,,,,,,,
2025-01-10,150.5,,,,,,,,,,
2025-01-11,151.0,,,,,,,,,,
2025-01-12,151.5,,,,,,,,,,
2025-01-13,152.0,,,,,,,,,,
2025-01-14,152.5,,,,,,,,,,
2025-01-15,153.0,,,,,,,,,,
2025-01-16,153.5,,,,,,,,,,
2025-01-17,154.0,,,,,,,,,,
2025-01-18,154.5,,,,,,,,,,
2025-01-19,155.0,,,,,,,,,,
2025-01-20,155.5,,,,,,,,,,
2025-01-21,156.0,,,,,,,,,,
2025-01-22,156.5,,,,,,,,,,
2025-01-23,157.0,,,,,,,,,,
2025-01-24,157.5,,,,,,,,,,
2025-01-25,158.0,,,,,,,,,,
2025-01-26,158.5,,,,,,,,,,
2025-01-27,159.0,,,,,,,,,,
2025-01-28,159.5,,,,,,,,,,
2025-01-29,160.0,,,,,,,,,,
2025-01-30,160.5,,,,,,,,,,
2025-01-31,161.0,,,,,,,,,,
2025-02-01,174.42000000000002,,,,,,,,,,
2025-02-02,174.96,,,,,,,,,,
2025-02-03,175.5,,,,,,,,,,
2025-02-04,176.04000000000002,,,,,,,,,,
2025-02-05,176.58,,,,,,,,,,
2025-02-06,177.12,,,,,,,,,,
2025-02-07,177.66000000000005,,,,,,,,,,
2025-02-08,178.20000000000002,,,,,,,,,,
2025-02-09,178.74,,,,,,,,,,
2025-02-10,179.28,,,,,,,,,,
2025-02-11,179.82000000000002,,,,,,,,,,
2025-02-12,180.36,,,,,,,,,,
2025-02-13,180.9,,,,,,,,,,
2025-02-14,181.44,,,,,,,,,,
2025-02-15,181.98,,,,,,,,,,
2025-02-16,182.52,,,,,,,,,,
2025-02-17,183.06,,,,,,,,,,
2025-02-18,183.6,,,,,,,,,,
2025-02-19,184.14,,,,,,,,,,
2025-02-20,184.68,,,,,,,,,,
2025-02-21,185.22,,,,,,,,,,
2025-02-22,185.76,,,,,,,,,,
2025-02-23,186.3,,,,,,,,,,
2025-02-24,186.84,,,,,,,,,,
2025-02-25,187.38,,,,,,,,,,
2025-02-26,187.92,,,,,,,,,,
2025-02-27,188.46,,,,,,,,,,
2025-02-28,189.0,,,,,,,,,,
2025-03-01,175.5,,,,,,,,,,
2025-03-02,176.0,,,,,,,,,,
2025-03-03,176.5,,,,,,,,,,
2025-03-04,177.0,,,,,,,,,,
2025-03-05,177.5,,,,,,,,,,
2025-03-06,178.0,,,,,,,,,,
2025-03-07,178.5,,,,,,,,,,
2025-03-08,179.0,,,,,,,,,,
2025-03-09,179.5,,,,,,,,,,
2025-03-10,180.0,,,,,,,,,,
2025-03-11,180.5,,,,,,,,,,
2025-03-12,181.0,,,,,,,,,,
2025-03-13,181.5,,,,,,,,,,
2025-03-14,182.0,,,,,,,,,,
2025-03-15,182.5,,,,,,,,,,
2025-03-16,183.0,,,,,,,,,,
2025-03-17,183.5,,,,,,,,,,
2025-03-18,184.0,,,,,,,,,,
2025-03-19,184.5,,,,,,,,,,
2025-03-20,185.0,,,,,,,,,,
2025-03-21,185.5,,,,,,,,,,
2025-03-22,186.0,,,,,,,,,,
2025-03-23,186.5,,,,,,,,,,
2025-03-24,187.0,,,,,,,,,,
2025-03-25,187.5,,,,,,,,,,
2025-03-26,188.0,,,,,,,,,,
2025-03-27,188.5,,,,,,,,,,
2025-03-28,189.0,,,,,,,,,,
2025-03-29,189.5,,,,,,,,,,
2025-03-30,190.0,,,,,,,,,,
2025-03-31,190.5,,,,,,,,,,
2025-04-01,187.18,,,,,,,,,,
2025-04-02,187.67,,,,,,,,,,
2025-04-03,188.16,,,,,,,,,,
2025-04-04,188.65,,,,,,,,,,
2025-04-05,189.14,,,,,,,,,,
2025-04-06,189.63,,,,,,,,,,
2025-04-07,190.12,,,,,,,,,,
2025-04-08,190.61,,,,,,,,,,
2025-04-09,191.1,,,,,,,,,,
2025-04-10,191.59,,,,,,,,,,
2025-04-11,192.08,,,,,,,,,,
2025-04-12,192.57,,,,,,,,,,
2025-04-13,193.06,,,,,,,,,,
2025-04-14,193.55,,,,,,,,,,
2025-04-15,194.04,,,,,,,,,,
2025-04-16,194.53,,,,,,,,,,
2025-04-17,195.02,,,,,,,,,,
2025-04-18,195.51,,,,,,,,,,
2025-04-19,196.0,,,,,,,,,,
2025-04-20,196.49,,,,,,,,,,
2025-04-21,196.98,,,,,,,,,,
2025-04-22,197.47,,,,,,,,,,
2025-04-23,197.96,,,,,,,,,,
2025-04-24,198.45,,,,,,,,,,
2025-04-25,198.94,,,,,,,,,,
2025-04-26,199.43,,,,,,,,,,
2025-04-27,199.92,,,,,,,,,,
2025-04-28,200.41,,,,,,,,,,
2025-04-29,200.9,,,,,,,,,,
2025-04-30,201.39,,,,,,,,,,
2025-05-01,199.82,,,,,,,,,,
2025-05-02,200.305,,,,,,,,,,
2025-05-03,200.79,,,,,,,,,,
2025-05-04,201.275,,,,,,,,,,
2025-05-05,201.76,,,,,,,,,,
2025-05-06,202.245,,,,,,,,,,
2025-05-07,202.73,,,,,,,,,,
2025-05-08,203.215,,,,,,,,,,
2025-05-09,203.7,,,,,,,,,,
2025-05-10,204.185,,,,,,,,,,
2025-05-11,204.67,,,,,,,,,,
2025-05-12,205.155,,,,,,,,,,
2025-05-13,205.64,,,,,,,,,,
2025-05-14,206.125,,,,,,,,,,
2025-05-15,206.61,,,,,,,,,,
2025-05-16,207.095,,,,,,,,,,
2025-05-17,207.58,,,,,,,,,,
2025-05-18,208.065,,,,,,,,,,
2025-05-19,208.55,,,,,,,,,,
2025-05-20,209.035,,,,,,,,,,
2025-05-21,209.52,,,,,,,,,,
2025-05-22,210.005,,,,,,,,,,
2025-05-23,210.49,,,,,,,,,,
2025-05-24,210.975,,,,,,,,,,
2025-05-25,211.46,,,,,,,,,,
2025-05-26,211.945,,,,,,,,,,
2025-05-27,212.43,,,,,,,,,,
2025-05-28,212.915,,,,,,,,,,
2025-05-29,213.4,,,,,,,,,,
2025-05-30,213.885,,,,,,,,,,
2025-05-31,214.37,,,,,,,,,,
2025-06-01,217.07,,,,,,,,,,
2025-06-02,217.56,,,,,,,,,,
2025-06-03,218.05,,,,,,,,,,
2025-06-04,218.54,,,,,,,,,,
2025-06-05,219.03,,,,,,,,,,
2025-06-06,219.52,,,,,,,,,,
2025-06-07,220.01,,,,,,,,,,
2025-06-08,220.5,,,,,,,,,,
2025-06-09,220.99,,,,,,,,,,
2025-06-10,221.48,,,,,,,,,,
2025-06-11,221.97,,,,,,,,,,
2025-06-12,222.46,,,,,,,,,,
2025-06-13,222.95,,,,,,,,,,
2025-06-14,223.44,,,,,,,,,,
2025-06-15,223.93,,,,,,,,,,
2025-06-16,224.42,,,,,,,,,,
2025-06-17,224.91,,,,,,,,,,
2025-06-18,225.4,,,,,,,,,,
2025-06-19,225.89,,,,,,,,,,
2025-06-20,226.38,,,,,,,,,,
2025-06-21,226.87,,,,,,,,,,
2025-06-22,227.36,,,,,,,,,,
2025-06-23,227.85,,,,,,,,,,
2025-06-24,228.34,,,,,,,,,,
2025-06-25,228.83,,,,,,,,,,
2025-06-26,229.32,,,,,,,,,,
2025-06-27,229.81,,,,,,,,,,
2025-06-28,230.3,,,,,,,,,,
2025-06-29,230.79,,,,,,,,,,
2025-06-30,231.28,,,,,,,,,,
2025-07-01,236.5,,,,,,,,,,
2025-07-02,237.0,,,,,,,,,,
2025-07-03,237.5,,,,,,,,,,
2025-07-04,238.0,,,,,,,,,,
2025-07-05,238.5,,,,,,,,,,
2025-07-06,239.0,,,,,,,,,,
2025-07-07,239.5,,,,,,,,,,
2025-07-08,240.0,,,,,,,,,,
2025-07-09,240.5,,,,,,,,,,
2025-07-10,241.0,,,,,,,,,,
2025-07-11,241.5,,,,,,,,,,
2025-07-12,242.0,,,,,,,,,,
2025-07-13,242.5,,,,,,,,,,
2025-07-14,243.0,,,,,,,,,,
2025-07-15,243.5,,,,,,,,,,
2025-07-16,244.0,,,,,,,,,,
2025-07-17,244.5,,,,,,,,,,
2025-07-18,245.0,,,,,,,,,,
2025-07-19,245.5,,,,,,,,,,
2025-07-20,246.0,,,,,,,,,,
2025-07-21,246.5,,,,,,,,,,
2025-07-22,247.0,,,,,,,,,,
2025-07-23,247.5,,,,,,,,,,
2025-07-24,248.0,,,,,,,,,,
2025-07-25,248.5,,,,,,,,,,
2025-07-26,249.0,,,,,,,,,,
2025-07-27,249.5,,,,,,,,,,
2025-07-28,250.0,,,,,,,,,,
2025-07-29,250.5,,,,,,,,,,
2025-07-30,251.0,,,,,,,,,,
2025-07-31,251.5,,,,,,,,,,
2025-08-01,289.79999999999995,,,,,,,,,,
2025-08-02,290.375,,,,,,,,,,
2025-08-03,290.95,,,,,,,,,,
2025-08-04,291.525,,,,,,,,,,
2025-08-05,292.09999999999997,,,,,,,,,,
2025-08-06,292.67499999999995,,,,,,,,,,
2025-08-07,293.25,,,,,,,,,,
2025-08-08,293.825,,,,,,,,,,
2025-08-09,294.4,,,,,,,,,,
2025-08-10,294.97499999999997,,,,,,,,,,
2025-08-11,295.54999999999995,,,,,,,,,,
2025-08-12,296.125,,,,,,,,,,
2025-08-13,296.7,,,,,,,,,,
2025-08-14,297.275,,,,,,,,,,
2025-08-15,297.84999999999997,,,,,,,,,,
2025-08-16,298.42499999999995,,,,,,,,,,
2025-08-17,299.0,,,,,,,,,,
2025-08-18,299.575,,,,,,,,,,
2025-08-19,300.15,,,,,,,,,,
2025-08-20,300.72499999999997,,,,,,,,,,
2025-08-21,301.29999999999995,,,,,,,,,,
2025-08-22,301.875,,,,,,,,,,
2025-08-23,302.45,,,,,,,,,,
2025-08-24,303.025,,,,,,,,,,
2025-08-25,303.59999999999997,,,,,,,,,,
2025-08-26,304.17499999999995,,,,,,,,,,
2025-08-27,304.75,,,,,,,,,,
2025-08-28,305.325,,,,,,,,,,
2025-08-29,305.9,,,,,,,,,,
2025-08-30,306.47499999999997,,,,,,,,,,
2025-08-31,307.04999999999995,,,,,,,,,,
2025-09-01,272.85,,,,,,,,,,
2025-09-02,273.36,,,,,,,,,,
2025-09-03,273.87,,,,,,,,,,
2025-09-04,274.38,,,,,,,,,,
2025-09-05,274.89,,,,,,,,,,
2025-09-06,275.4,,,,,,,,,,
2025-09-07,275.91,,,,,,,,,,
2025-09-08,276.42,,,,,,,,,,
2025-09-09,276.93,,,,,,,,,,
2025-09-10,277.44,,,,,,,,,,
2025-09-11,277.95,,,,,,,,,,
2025-09-12,278.46,,,,,,,,,,
2025-09-13,278.97,,,,,,,,,,
2025-09-14,279.48,,,,,,,,,,
2025-09-15,279.99,,,,,,,,,,
2025-09-16,280.5,,,,,,,,,,
2025-09-17,281.01,,,,,,,,,,
2025-09-18,281.52,,,,,,,,,,
2025-09-19,282.03000000000003,,,,,,,,,,
2025-09-20,282.54,,,,,,,,,,
2025-09-21,283.05,,,,,,,,,,
2025-09-22,283.56,,,,,,,,,,
2025-09-23,284.07,,,,,,,,,,
2025-09-24,284.58,,,,,,,,,,
2025-09-25,285.09000000000003,,,,,,,,,,
2025-09-26,285.6,,,,,,,,,,
2025-09-27,286.11,,,,,,,,,,
2025-09-28,286.62,,,,,,,,,,
2025-09-29,287.13,,,,,,,,,,
2025-09-30,287.64,,,,,,,,,,
2025-10-01,,286.11,287.1300000322657,289.1421267343332,288.08274745568843,288.02675705448826,286.6103822142375,289.0135066079625,,,287.7307885855679
2025-10-02,,286.11,287.1300000322657,289.2889546279344,288.5254939175099,288.45177388443295,287.11600257389136,289.3957207839486,,,288.00256368856896
2025-10-03,,286.11,287.1300000322657,289.18713796855207,288.9682393854666,288.94380600057735,287.62162293354515,290.5301759937008,,,288.3558546163011
2025-10-04,,286.11,287.1300000322657,288.7994153680468,289.4109838595607,289.369943413522,288.12724329319894,290.82272915240554,,,288.5386164455714
2025-10-05,,286.11,287.1300000322657,289.49245517176297,289.85372733979455,289.8287454732303,288.63286365285285,291.51429559108794,,,288.9374410372849
2025-10-06,,286.11,287.1300000322657,290.17976773532087,290.2964698261703,290.19985627630535,289.13848401250664,291.08876275501575,,,289.1633343767978
2025-10-07,,286.11,287.1300000322657,289.07811037889576,290.73921131869025,290.6293792237127,289.6441043721604,291.2967611453744,,,289.23250949587134
2025-10-08,,286.11,287.1300000322657,288.89080804546444,291.18195181735655,291.01553509728603,290.1497247318143,290.9775910010546,,,289.3508015321774
2025-10-09,,286.11,287.1300000322657,289.8068485497152,291.6246913221715,291.4398102009685,290.6553450914681,291.1554731004886,,,289.70316689958247
2025-10-10,,286.11,287.1300000322657,290.216140770745,292.0674298331373,291.93085464417476,291.1609654511219,292.15911894092704,,,290.11064423891025
2025-10-11,,286.11,287.1300000322657,291.1904093426869,292.51016735025615,292.35624561049303,291.6665858107757,292.3973550503023,,,290.48010902811137
2025-10-12,,286.11,287.1300000322657,293.7803557148134,292.9529038735303,292.8141811871513,292.17220617042955,293.1114937085036,,,291.1530200980991
2025-10-13,,286.11,287.1300000322657,293.94322230557435,293.39563940296205,293.18474662755915,292.6778265300834,292.7833140991188,,,291.3178212853662
2025-10-14,,286.11,287.1300000322657,294.08585066718484,293.8383739385535,293.6135098003374,293.1834468897372,293.15896958394,,,291.58859298743124
2025-10-15,,286.11,287.1300000322657,293.97572881123136,294.281107480307,293.99906455250164,293.689067249391,293.07111456265034,,,291.75086895547815
2025-10-16,,286.11,287.1300000322657,293.57499616887236,294.72384002822474,294.4225985053927,294.1946876090448,293.5354126247599,,,291.9559335669372
2025-10-17,,286.11,287.1300000322657,294.2729086074879,295.1665715823089,294.9126567534381,294.70030796869867,294.8704131419858,,,292.451836869455
2025-10-18,,286.11,287.1300000322657,294.96498596866275,295.6093021425618,295.3373018675128,295.20592832835246,295.4735217487357,,,292.8330057268701
2025-10-19,,286.11,287.1300000322657,293.83861975464384,296.05203170898557,295.79437199629376,295.71154868800625,296.5737467486015,,,293.0300455612566
2025-10-20,,286.11,287.1300000322657,293.6417131593323,296.49476028158256,296.1643919329655,296.21716904766015,296.64007458600946,,,293.19972986283085
2025-10-21,,286.11,287.1300000322657,294.5662956961844,296.9374878603549,296.59239597676253,296.72278940731394,297.405778852332,,,293.6378211178876
2025-10-22,,286.11,287.1300000322657,294.97579573668645,297.3802144453049,296.977349672436,297.22840976696773,297.6909450314551,,,293.92753066930226
2025-10-23,,286.11,287.1300000322657,295.95952474131406,297.8229400364347,297.4001430535257,297.7340301266216,298.4993617040663,,,294.3794285277468
2025-10-24,,286.11,287.1300000322657,298.5853312558754,298.26566463374667,297.8892165843972,298.2396504862754,300.1387549325882,,,295.1940882750213
2025-10-25,,286.11,287.1300000322657,298.74431787681556,298.7083882372429,298.3131164440565,298.7452708459292,300.99708168311184,,,295.53545358848885
2025-10-26,,286.11,287.1300000322657,298.8827467064352,299.1511108469257,298.76932216196064,299.250891205583,302.29555581256074,,,295.94137525224727
2025-10-27,,286.11,287.1300000322657,298.7643196539108,299.59383246279725,299.13879645996434,299.75651156523685,302.4972525467102,,,296.1415303886979
2025-10-28,,286.11,287.1300000322657,298.35057696969784,300.0365530848598,299.5660420236793,300.2621319248907,303.33159017709494,,,296.39812774464116
2025-10-29,,286.11,287.1300000322657,299.0533620432129,300.4792727131156,299.950394733158,300.7677522845445,303.6169670472133,,,296.72967840764426
2025-10-30,,286.11,287.1300000322657,299.7502042020047,300.9219913475669,300.37244812492776,301.2733726441983,304.3577021082412,,,297.1308169227435
2025-10-31,,286.11,287.1300000322657,298.5991291303918,301.3647089882159,300.86053841680643,301.7789930038521,305.86425506445875,,,297.38680351942725
2025-11-01,,286.11,287.1300000322657,298.39261827320024,301.8074256350648,301.2836936232968,302.28461336350597,306.5294429951627,,,297.64825627464234
2025-11-02,,286.11,287.1300000322657,299.3257428426536,302.25014128811586,301.73903596913095,302.79023372315976,307.58132969145436,,,298.13235479239717
2025-11-03,,286.11,287.1300000322657,299.7354507026278,302.6928559473713,302.1079644996346,303.29585408281355,307.49163792689814,,,298.36625188451586
2025-11-04,,286.11,287.1300000322657,300.72864013994126,303.13556961283336,302.5344522353912,303.8014744424674,307.9999891287032,,,298.7771607988003
2025-11-05,,286.11,287.1300000322657,303.3903067969374,303.57828228450427,302.9182040343147,304.30709480212124,307.93625552904604,,,299.33859192559845
2025-11-06,,286.11,287.1300000322657,303.5454134480568,304.0209939623863,303.3395180227098,304.81271516177503,308.31718114998074,,,299.61083168245347
2025-11-07,,286.11,287.1300000322657,303.6796427456856,304.46370464648163,303.82662655395535,305.3183355214289,309.4662565479383,,,299.99922372110797
2025-11-08,,286.11,287.1300000322657,303.5529104965901,304.9064143367925,304.2490377119141,305.8239558810827,309.7895736919627,,,300.22312745008685
2025-11-09,,286.11,287.1300000322657,303.12615777052343,305.3491230333212,304.70351772627004,306.3295762407365,310.5283470210516,,,300.46810311773834
2025-11-10,,286.11,287.1300000322657,303.8338154789379,305.7918307360698,305.0719003665043,306.8351966003903,310.1669607592891,,,300.7056719962081
2025-11-11,,286.11,287.1300000322657,304.53542243534656,306.2345374450407,305.4976309296245,307.34081696004415,310.4568566044529,,,301.04360920096775
2025-11-12,,286.11,287.1300000322657,303.3596385061399,306.67724316023606,305.8807818989414,307.846437319698,310.2385560540843,,,301.03466528162363
2025-11-13,,286.11,287.1300000322657,303.1435233870681,307.1199478816581,306.3013570733436,308.3520576793518,310.5379822055477,,,301.24212403703353
2025-11-14,,286.11,287.1300000322657,304.0851899891228,307.5626516093091,306.78748532247903,308.8576780390056,311.6860735240316,,,301.7455826451734
2025-11-15,,286.11,287.1300000322657,304.49510566856924,308.0053543431913,307.2091530399073,309.3632983986594,312.0944224194447,,,302.058190557434
2025-11-16,,286.11,287.1300000322657,305.4977555385684,308.4480560833069,307.66277176514035,309.86891875831327,313.0076298910838,,,302.53216172409697
2025-11-17,,286.11,287.1300000322657,308.19528233799946,308.8907568296581,308.03060839836184,310.37453911796706,312.911240162094,,,303.0917752683352
2025-11-18,,286.11,287.1300000322657,308.34650901929797,309.3334565822471,308.4555824473393,310.88015947762085,313.5555718154587,,,303.4016113391757
2025-11-19,,286.11,287.1300000322657,308.47653878493605,309.7761553410762,308.8381326732731,311.3857798372747,313.7777406068598,,,303.6420496108122
2025-11-20,,286.11,287.1300000322657,308.34150133926937,310.21885310614766,309.2579696264735,311.89140019692854,314.598038221131,,,303.93539464603083
2025-11-21,,286.11,287.1300000322657,307.9017385713489,310.66154987746364,309.7431190721699,312.39702055658233,316.33965745764505,,,304.32615508106795
2025-11-22,,286.11,287.1300000322657,308.61426891466283,311.1042456550264,310.1640439604056,312.9026409162362,317.4044933191243,,,304.7756703996744
2025-11-23,,286.11,287.1300000322657,309.32064066868844,311.54694043883813,310.616802440614,313.40826127589,319.0257066530995,,,305.30833592991365
2025-11-24,,286.11,287.1300000322657,308.1201478818879,311.98963422890114,310.98409295606837,313.9138816355438,319.67590856099156,,,305.41766647080834
2025-11-25,,286.11,287.1300000322657,307.8944285009361,312.4323270252176,311.4083111525421,314.4195019951976,321.0912754540958,,,305.7836920228936
2025-11-26,,286.11,287.1300000322657,308.844637135592,312.8750188277898,311.79026072655734,314.92512235485145,322.0938825665855,,,306.2527030919488
2025-11-27,,286.11,287.1300000322657,309.25476063451066,313.3177096366199,312.209360054729,315.4307427145053,323.6884123016724,,,306.73442648204326
2025-11-28,,286.11,287.1300000322657,310.2668709371955,313.76039945171016,312.6935321757904,315.9363630741591,326.1822196975206,,,307.4399121955202
2025-11-29,,286.11,287.1300000322657,313.0002578790614,314.2030882730628,313.11371484948137,316.4419834338129,327.9614761997641,,,308.280074381064
2025-11-30,,286.11,287.1300000322657,313.14760459053923,314.6457761006801,313.56561413048473,316.9476037934667,330.2440702298837,,,308.8272384110458
2025-12-01,,286.11,287.1300000322657,313.27343482418644,315.08846293456423,313.9323584233703,317.4532241531206,331.4881149393317,,,309.2107993295484
2025-12-02,,286.11,287.1300000322657,313.1300921819488,315.53114877471745,314.35582143209876,317.95884451277436,333.41636573146707,,,309.661753237896
2025-12-03,,286.11,287.1300000322657,312.67731937217445,315.973833621142,314.7371704508671,318.46446487242815,334.8388287649933,,,309.9902310162673
2025-12-04,,286.11,287.1300000322657,313.3947223503878,316.41651747384003,315.1555327535383,318.970085232082,336.74971106947,,,310.56093841594054
2025-12-05,,286.11,287.1300000322657,314.1058589020304,316.8592003328139,315.6387290288864,319.47570559173585,339.4476897866792,,,311.25245481063024
2025-12-06,,286.11,287.1300000322657,312.88065725763585,317.30188219806575,316.0581701059638,319.98132595138964,341.31221801759307,,,311.5391790804163
2025-12-07,,286.11,287.1300000322657,312.645333614804,317.74456306959786,316.50921123528263,320.4869463110435,343.5565431833281,,,312.02608534947456
2025-12-08,,286.11,287.1300000322657,313.60408428206125,318.1872429474124,316.87540920671387,320.99256667069733,344.63628686468667,,,312.50508428626244
2025-12-09,,286.11,287.1300000322657,314.014415600452,318.6299218315117,317.2981176955488,321.4981870303511,346.2738884285854,,,312.9935043741021
2025-12-10,,286.11,287.1300000322657,315.0359863358227,319.0725997218979,317.67886626091547,322.0038073900049,347.2811944989021,,,313.47320774854416
2025-12-11,,286.11,287.1300000322657,317.8052334201234,319.5152766185733,318.09649214094276,322.50942774965876,348.6563467999328,,,314.26039668021383
2025-12-12,,286.11,287.1300000322657,317.94870016178044,319.95795252154005,318.5787140496022,323.0150481093126,350.70394874820363,,,314.77776623181495
2025-12-13,,286.11,287.1300000322657,318.0703308634369,320.4006274308004,318.9974141512538,323.5206684689664,351.81123198547687,,,315.1486104188857
2025-12-14,,286.11,287.1300000322657,317.9186830246281,320.8433013463566,319.4475981780884,324.0262888286202,353.20090319445035,,,315.5252535149156
2025-12-15,,286.11,287.1300000322657,317.452900173,321.2859742682109,319.8132497350597,324.531909188274,353.33952516841873,,,315.66622265217563
2025-12-16,,286.11,287.1300000322657,318.17517578611273,321.7286461963655,320.2352043749202,325.0375295479279,353.96173986757395,,,316.0540422578809
2025-12-17,,286.11,287.1300000322657,318.89107713537226,322.1713171308227,320.6153525938705,325.54314990758166,353.8926212007054,,,316.33621685723114
2025-12-18,,286.11,287.1300000322657,317.64116663338393,322.61398707158463,321.032242657412,326.04877026723545,354.144315837596,,,316.3886403570682
2025-12-19,,286.11,287.1300000322657,317.39623872867185,323.0566560186536,321.51349167849537,326.5543906268893,355.035958144328,,,316.6852478899005
2025-12-20,,286.11,287.1300000322657,318.36353142853045,323.4993239720318,321.9314514291392,327.06001098654315,354.96958594297945,,,317.00912911306995
2025-12-21,,286.11,287.1300000322657,318.77407056639345,323.9419909317214,322.3807794043493,327.56563134619694,355.1827426033132,,,317.2978878406057
2025-12-22,,286.11,287.1300000322657,319.80510173444986,324.38465689772477,322.74588445969897,328.0712517058508,354.15662414350584,,,317.4862169962137
2025-12-23,,286.11,287.1300000322657,322.61020896118544,324.82732187004405,323.1670859245461,328.57687206550463,353.6400832192582,,,318.00879601040054
2025-12-24,,286.11,287.1300000322657,322.7497957330216,325.2699858486815,323.54663390917204,329.0824924251584,352.4717812502365,,,318.0515270283622
2025-12-25,,286.11,287.1300000322657,322.86722690268726,325.7126488336393,323.9627887656608,329.5881127848122,351.6766498087294,,,318.14963244682775
2025-12-26,,286.11,287.1300000322657,322.70727386730744,326.15531082491975,324.4430663783538,330.09373314446606,351.5856494605394,,,318.3178619582646
2025-12-27,,286.11,287.1300000322657,322.2284809738255,326.59797182252504,324.8602864056118,330.5993535041199,350.6115541282977,,,318.3053781238065
2025-12-28,,286.11,287.1300000322657,322.95562922183774,327.0406318264574,325.30875938169595,331.1049738637737,350.00144713991335,,,318.52163449513483
2025-12-29,,286.11,287.1300000322657,323.67629536871414,327.4832908367191,325.6733178540704,331.6105942234275,348.244787616446,,,318.5611837045204
2025-12-30,,286.11,287.1300000322657,322.4016760091319,327.9259488533123,326.09376682088117,332.11621458308133,347.0973584339851,,,318.4107092475225
2025-12-31,,286.11,287.1300000322657,322.1471438425398,328.3686058762393,326.47271468834845,332.6218349427352,345.40338581273807,,,318.32195502783804
2026-01-01,,286.11,287.1300000322657,323.12297857499965,328.8112619055023,326.8881349504661,333.12745530238897,344.19198999669356,,,318.48311725175944
2026-01-02,,286.11,287.1300000322657,323.5337255323348,329.25391694110357,327.367442634013,333.63307566204276,343.79695318057884,,,318.68930199747695
2026-01-03,,286.11,287.1300000322657,324.57421713307707,329.69657098304526,327.7839235686848,334.1386960216966,342.63253045013954,,,318.86656259841556
2026-01-04,,286.11,287.1300000322657,327.41518450224737,330.13922403132966,328.2315425997598,334.64431638135045,341.94598742612163,,,319.37375071043925
2026-01-05,,286.11,287.1300000322657,327.55089130426285,330.581876085959,328.5955544135777,335.14993674100424,340.2257207274526,,,319.3348541863603
2026-01-06,,286.11,287.1300000322657,327.66412294193765,331.02452714693544,329.01525156232,335.6555571006581,339.2252699796383,,,319.40353268053644
2026-01-07,,286.11,287.1300000322657,327.4958647099868,331.4671772142613,329.3935994348347,336.16117746031193,337.78550903237215,,,319.3633325548618
2026-01-08,,286.11,287.1300000322657,327.00406177465106,331.9098262879388,329.80828571848514,336.6667978199657,336.93117365693445,,,319.365735041463
2026-01-09,,286.11,287.1300000322657,327.7360826575627,332.35247436797016,330.28662495217395,337.1724181796195,336.99070994919487,,,319.6826157341124
2026-01-10,,286.11,287.1300000322657,328.461513602056,332.79512145435757,330.7023674282111,337.67803853927336,336.3721675841376,,,319.8927440914716
2026-01-11,,286.11,287.1300000322657,327.16218538487993,333.23776754710326,331.1491335699918,338.1836588989272,336.3158203359068,,,319.89836653843923
2026-01-12,,286.11,287.1300000322657,326.89804895640765,333.6804126462095,331.5125986554088,338.689279258581,335.3023690627294,,,319.90324408737166
2026-01-13,,286.11,287.1300000322657,327.8824257214689,334.1230567516785,331.9315446690157,339.1948996182348,335.0770353253094,,,320.2069945882819
2026-01-14,,286.11,287.1300000322657,328.29338049827624,334.5656998635125,332.30929267379184,339.70051997788863,334.4718330868724,,,320.36867516180104
2026-01-15,,286.11,287.1300000322657,329.3433325317042,335.0083419817138,332.72324559807504,340.2061403375425,334.5021758585585,,,320.7176051914085
2026-01-16,,286.11,287.1300000322657,332.2201600433094,335.4509831062845,333.20061786122324,340.71176069719627,335.48680387189074,,,321.4729036588814
2026-01-17,,286.11,287.1300000322657,332.35198687550405,335.8936232372269,333.61562251570297,341.21738105685006,335.82375598572304,,,321.7346242433247
2026-01-18,,286.11,287.1300000322657,332.4610189811881,336.33626237454325,334.06153682548205,341.7230014165039,336.7430694427991,,,322.08069843896885
2026-01-19,,286.11,287.1300000322657,332.2844555526661,336.77890051823573,334.4244551183551,342.22862177615775,336.7150634442893,,,322.23878520599567
2026-01-20,,286.11,287.1300000322657,331.77964257547654,337.2215376683066,334.8426506826999,342.73424213581154,337.474515473585,,,322.47036979544936
2026-01-21,,286.11,287.1300000322657,332.5165360932877,337.6641738247581,335.21979895192646,343.2398624954654,337.84301849992266,,,322.81762712823223
2026-01-22,,286.11,287.1300000322657,333.2467318353979,338.10680898759244,335.63301913911243,343.74548285511923,338.8256769574306,,,323.25681711527403
2026-01-23,,286.11,287.1300000322657,331.92269476062796,338.54944315681183,336.10942591105237,344.251103214773,340.7311263990461,,,323.54339906779666
2026-01-24,,286.11,287.1300000322657,331.6489540702756,338.99207633241855,336.523693384152,344.7567235744268,341.9476015817724,,,323.8727212821873
2026-01-25,,286.11,287.1300000322657,332.6418728679381,339.4347085144148,336.96875692078,345.26234393408066,343.6957358361046,,,324.4633454436548
2026-01-26,,286.11,287.1300000322657,333.05303546421766,339.87733970280283,337.33112836263246,345.7679642937345,344.4369470851612,,,324.81520213440206
2026-01-27,,286.11,287.1300000322657,334.11244793033137,340.3199698975848,337.7485741665035,346.2735846533883,345.8977184871644,,,325.37032788103403
2026-01-28,,286.11,287.1300000322657,337.0251355843714,340.7625990987631,338.125122837312,346.7792050130421,346.8920605211253,,,326.1177318695542
2026-01-29,,286.11,287.1300000322657,337.15308244674526,341.20522730633974,338.53761091281484,347.28482537269593,348.41831076554473,,,326.54843669091514
2026-01-30,,286.11,287.1300000322657,337.2579150204385,341.6478545203171,339.01305367287944,347.7904457323498,350.7792543224264,,,327.1040747572396
2026-01-31,,286.11,287.1300000322657,337.07304639534544,342.0904807406974,339.4265846078507,348.29606609200357,352.3582874432162,,,327.49778075876844
2026-02-01,,286.11,287.1300000322657,336.5552233763021,342.5331059674828,339.87079843171574,348.80168645165736,354.37230481964576,,,327.9104455827242
2026-02-02,,286.11,287.1300000322657,337.29698952901265,342.9757302006756,340.23262296970205,349.3073068113112,355.28016339861955,,,328.33325899165527
2026-02-03,,286.11,287.1300000322657,338.03195006873983,343.41835344027805,340.6493197047778,349.81292717096505,356.80702815522807,,,328.85136836746494
2026-02-04,,286.11,287.1300000322657,336.683204136376,343.8609756862923,341.0252689192099,350.31854753061884,357.766884160366,,,328.9849829235898
2026-02-05,,286.11,287.1300000322657,336.3998591841435,344.30359693872066,341.43702551156207,350.8241678902727,359.1593688582266,,,329.3377169164559
2026-02-06,,286.11,287.1300000322657,337.4013200144073,344.7462171975653,341.9115057390706,351.32978824992654,361.28990541296383,,,329.988390949457
2026-02-07,,286.11,287.1300000322657,337.812690430159,345.1888364628284,342.3243007822142,351.8354086095803,362.54585791925615,,,330.4210134623291
2026-02-08,,286.11,287.1300000322657,338.8815633289586,345.6314547345123,342.7676659552224,352.3410289692341,364.14938759168325,,,331.00158580169654
2026-02-09,,286.11,287.1300000322657,341.83011112543335,346.07407201261924,343.1289435420934,352.84664932888796,364.5658619310264,,,331.6693768531894
2026-02-10,,286.11,287.1300000322657,341.95417801798646,346.51668829715135,343.5448919029177,353.3522696885418,365.52812198815707,,,332.0194499895743
2026-02-11,,286.11,287.1300000322657,342.0548110596889,346.9593035881109,343.9202418078931,353.8578900481956,365.8588923417909,,,332.2701626968493
2026-02-12,,286.11,287.1300000322657,341.8616372380248,347.40191788550015,344.3312675487199,354.3635104078494,366.56748860657694,,,332.53797453127663
2026-02-13,,286.11,287.1300000322657,341.3308041771276,347.84453118932134,344.80478672296385,354.86913076750324,367.96980486341914,,,332.865579678943
2026-02-14,,286.11,287.1300000322657,342.0774429647376,348.28714349957664,345.216846523604,355.3747511271571,368.46430396095434,,,333.2372125868994
2026-02-15,,286.11,287.1300000322657,342.8171683020817,348.7297548162683,345.6593641091596,355.8803714868109,369.28469254877257,,,333.6587644707655
2026-02-16,,286.11,287.1300000322657,341.443713512124,349.1723651393986,346.02009470322776,356.38599184646466,368.9081361290731,,,333.5957573375077
2026-02-17,,286.11,287.1300000322657,341.1507642980114,349.61497446896976,346.4352953871851,356.8916122061185,369.07932301030166,,,333.77313848612175
2026-02-18,,286.11,287.1300000322657,342.16076716087656,350.05758280498395,346.81004613446925,357.39723256577236,368.6326659318605,,,334.042613518604
2026-02-19,,286.11,287.1300000322657,342.5723453961004,350.50019014744345,347.22034165846304,357.90285292542615,368.58880061913663,,,334.2892186826908
2026-02-20,,286.11,287.1300000322657,343.6506787275857,350.94279649635047,347.692901258692,358.40847328507994,369.2743682818414,,,334.7441740116879
2026-02-21,,286.11,287.1300000322657,346.6350866664954,351.38540185170723,348.1042264691512,358.91409364473384,369.09780968281945,,,335.339516906739
2026-02-22,,286.11,287.1300000322657,346.75527358922767,351.828006213516,348.54589753213696,359.41971400438763,369.30185724743484,,,335.5843926598527
2026-02-23,,286.11,287.1300000322657,346.8517070989393,352.27060958177896,348.90608109724195,359.9253343640414,368.3715849123088,,,335.6521881552252
2026-02-24,,286.11,287.1300000322657,346.65022808070415,352.71321195649836,349.3205348045328,360.4309547236952,368.05832868607706,,,335.7733226119676
2026-02-25,,286.11,287.1300000322657,346.10638497795316,353.1558133376764,349.69468655070534,360.9365750833491,367.20177033675225,,,335.76217575981457
2026-02-26,,286.11,287.1300000322657,346.8578964004626,353.5984137253154,350.1042524956004,361.4421954430029,366.8263465568979,,,336.0098720933635
2026-02-27,,286.11,287.1300000322657,347.6023865354236,354.0410131194175,350.57585400100817,361.9478158026567,367.2609730602029,,,336.38114893585356
2026-02-28,,286.11,287.1300000322657,346.20422288787205,354.483611519985,350.986445276582,362.4534361623106,366.91481294569604,,,336.32607554638736
2026-03-01,,286.11,287.1300000322657,345.9016694118793,354.92620892702007,351.4272708833397,362.9590565219644,367.02977671493306,,,336.497711784486
2026-03-02,,286.11,287.1300000322657,346.9202143073457,355.368805340525,351.7869073888139,363.4646768816182,366.08861372249316,,,336.69560252472314
2026-03-03,,286.11,287.1300000322657,347.3320003620418,355.81140076050195,352.2006148224305,363.97029724127196,365.838907262621,,,336.91331721159037
2026-03-04,,286.11,287.1300000322657,348.4197941262128,356.2539951869532,352.5741677288531,364.47591760092587,365.11526409196597,,,337.15416268102524
2026-03-05,,286.11,287.1300000322657,351.4400622075574,356.69658861988097,352.98300473540036,364.98153796057966,364.93585831055475,,,337.7538645523199
2026-03-06,,286.11,287.1300000322657,351.5563691604689,357.1391810592875,353.4536496251109,365.48715832023345,365.62231586539605,,,338.0712391518232
2026-03-07,,286.11,287.1300000322657,351.6486031381897,357.581772505175,353.8635076240434,365.99277867988724,365.5756651395439,,,338.27176101701497
2026-03-08,,286.11,287.1300000322657,351.43881892338345,358.02436295754575,354.3034888423542,366.49839903954114,366.0290365516408,,,338.5048723352473
2026-03-09,,286.11,287.1300000322657,350.8819657787787,358.4669524164019,354.6625782629885,367.00401939919493,365.45596601329817,,,338.5302117004183
2026-03-10,,286.11,287.1300000322657,351.63834983618756,358.9095408817457,355.07554012869036,367.5096397588487,365.5946091710314,,,338.85252568696706
2026-03-11,,286.11,287.1300000322657,352.3876047687655,359.3521283535795,355.4484943614755,368.0152601185025,365.2701517540805,,,339.10194848409554
2026-03-12,,286.11,287.1300000322657,350.9647322636201,359.7947148319053,355.85660307341726,368.5208804781564,365.49157041674476,,,339.12407158515856
2026-03-13,,286.11,287.1300000322657,350.6525745257472,360.2373003167255,356.32629282647116,369.0265008378102,366.5717249019571,,,339.43634192013957
2026-03-14,,286.11,287.1300000322657,351.67966145381496,360.6798848080423,356.73541820992943,369.532121197464,366.9035017965725,,,339.8243696425842
2026-03-15,,286.11,287.1300000322657,352.0916553279832,361.1224683058579,357.1745561089948,370.0377415571179,367.7126879997744,,,340.1970156188563
2026-03-16,,286.11,287.1300000322657,353.18890952484,361.5650508101746,357.53309842500454,370.5433619167717,367.466424470712,,,340.5052635971098
2026-03-17,,286.11,287.1300000322657,356.2450377486193,362.00763232099456,357.9453154312943,371.0489822764255,367.89754354307775,,,341.1977873360967
2026-03-18,,286.11,287.1300000322657,356.3574647317101,362.45021283832006,358.3176711612736,371.55460263607927,367.82707223303345,,,341.392431947526
2026-03-19,,286.11,287.1300000322657,356.4454991774401,362.8927923621533,358.7250522253186,372.06022299573317,368.2610538599544,,,341.6606600932665
2026-03-20,,286.11,287.1300000322657,356.2274097660628,363.3353708924964,359.1937883206591,372.56584335538696,369.5106676215953,,,342.01043999835235
2026-03-21,,286.11,287.1300000322657,355.6575465796042,363.7779484293518,359.6021817527091,373.07146371504075,369.9683661263351,,,342.18821523361527
2026-03-22,,286.11,287.1300000322657,356.4188032719125,364.2205249727216,360.0404774031315,373.57708407469454,370.86070966053666,,,342.62251420218035
2026-03-23,,286.11,287.1300000322657,357.1728230021074,364.6631005226081,360.39847260012266,374.08270443434844,370.6567493189835,,,342.88769284434795
2026-03-24,,286.11,287.1300000322657,355.7252416393681,365.10567507901345,360.8099454582222,374.58832479400223,371.0922647076675,,,342.9373502443628
2026-03-25,,286.11,287.1300000322657,355.4034796396151,365.54824864193995,361.1817028609152,375.093945153656,370.99214185635503,,,343.0656454549639
2026-03-26,,286.11,287.1300000322657,356.43910860028416,365.9908212113898,361.58835692671397,375.5995655133098,371.3670475677826,,,343.46069997882086
2026-03-27,,286.11,287.1300000322657,356.85131029392466,366.4333927873652,362.0561408431734,376.1051858729637,372.5333843352618,,,343.8884877378506
2026-03-28,,286.11,287.1300000322657,357.9580249234672,366.87596336986843,362.46380299075497,376.6108062326175,372.8892507738585,,,344.29112118897604
2026-03-29,,286.11,287.1300000322657,361.0500132896814,367.3185329589017,362.9012574645187,377.1164265922713,373.6670915945108,,,345.0419031331642
2026-03-30,,286.11,287.1300000322657,361.1585603029513,367.76110155446725,363.25870553345425,377.6220469519252,373.3418946560156,,,345.19747271872563
2026-03-31,,286.11,287.1300000322657,361.2423952166905,368.2036691565673,363.6694349572806,378.127667311579,373.65524620985957,,,345.44834469774895
2026-04-01,,286.11,287.1300000322657,361.01600060874216,368.6462357652041,364.04059421286365,378.6332876712328,373.4375352222622,,,345.5733790732244
2026-04-02,,286.11,287.1300000322657,360.4331273804297,369.08880138037983,364.4465219329835,379.13890803088657,373.7044679359745,,,345.72168952756
2026-04-03,,286.11,287.1300000322657,361.19925670763746,369.5313660020968,364.9133551492698,379.6445283905405,374.7768812847362,,,346.1864839380781
2026-04-04,,286.11,287.1300000322657,361.95804123544934,369.97392963035713,365.3202866821723,380.15014875019426,375.056584002585,,,346.528427190432
2026-04-05,,286.11,287.1300000322657,360.4857510151161,370.41649226516313,365.7569010526246,380.65576910984805,375.7789126575394,,,346.61911801893666
2026-04-06,,286.11,287.1300000322657,360.15438475348304,370.85905390651703,366.1138019897906,381.16138946950184,375.42086255698655,,,346.7070703869349
2026-04-07,,286.11,287.1300000322657,361.1985557467534,371.30161455442106,366.5237886959321,381.66700982915575,375.72510619566066,,,347.0937250077413
2026-04-08,,286.11,287.1300000322657,361.610965259866,371.74417420887744,366.8943499892073,382.17263018880953,375.5221907885632,,,347.3120443525127
2026-04-09,,286.11,287.1300000322657,362.7271403220944,372.1867328698884,367.29955201910786,382.6782505484633,375.82707579509434,,,347.7083930838449
2026-04-10,,286.11,287.1300000322657,365.85498883074337,372.6292905374561,367.7654360137912,383.1838709081171,376.95899788977476,,,348.51894060173544
2026-04-11,,286.11,287.1300000322657,365.9596558741925,373.07184721158285,368.17163760462927,383.689491267771,377.3173902012994,,,348.77857459882006
2026-04-12,,286.11,287.1300000322657,366.0392912559409,373.5144028922709,368.6074129464613,384.1951116274248,378.13454023191167,,,349.1043941408965
2026-04-13,,286.11,287.1300000322657,365.80459145142146,373.9569575795224,368.9637667534339,384.7007319870786,377.88384287857156,,,349.22141295461336
2026-04-14,,286.11,287.1300000322657,365.20870818125525,374.3995112733396,369.3730114611267,385.2063523467325,378.30395710356714,,,349.3902200568981
2026-04-15,,286.11,287.1300000322657,365.9797101433624,374.8420639737248,369.74297498149105,385.7119727063863,378.22115320449967,,,349.6768392916757
2026-04-16,,286.11,287.1300000322657,366.7432594687912,375.2846156806802,370.14745197949975,386.2175930660401,378.64600667178956,,,350.03984669986664
2026-04-17,,286.11,287.1300000322657,365.24626039086417,375.727166394208,370.612388230999,386.72321342569387,379.893420997314,,,350.20606421019204
2026-04-18,,286.11,287.1300000322657,364.9052898673509,376.1697161143104,371.0178605551881,387.2288337853478,380.3587011489714,,,350.4172002147763
2026-04-19,,286.11,287.1300000322657,365.9580028932226,376.6122648409897,371.4527979444163,387.73445414500156,381.270357159157,,,350.8954110021504
2026-04-20,,286.11,287.1300000322657,366.37062022580744,377.05481257424816,371.80860462802826,388.24007450465535,381.09848958151076,,,351.1160859352166
2026-04-21,,286.11,287.1300000322657,367.49625572072154,377.49735931408793,372.2171080591325,388.74569486430914,381.57906113843376,,,351.5393541612787
2026-04-22,,286.11,287.1300000322657,370.65996437180536,377.93990506051125,372.5864740005474,389.25131522396305,381.536337857105,,,352.1734280780283
2026-04-23,,286.11,287.1300000322657,370.7607514454337,378.38244981352034,372.99022662783517,389.75693558361684,381.97965271664276,,,352.4442880313307
2026-04-24,,286.11,287.1300000322657,370.83618729519134,378.82499357311747,373.45421661440463,390.2625559432706,383.2234719835406,,,352.83448934882716
2026-04-25,,286.11,287.1300000322657,370.59318229410076,379.26753633930485,373.85896035013735,390.7681763029244,383.663484611313,,,353.0559057042923
2026-04-26,,286.11,287.1300000322657,369.9842889820808,379.7100781120847,374.2930608640846,391.2737966625783,384.5293937025279,,,353.29008833651744
2026-04-27,,286.11,287.1300000322657,370.7601635790874,380.15261889145927,374.6483204363922,391.7794170222321,384.29326224216345,,,353.55339745765724
2026-04-28,,286.11,287.1300000322657,371.5284777021331,380.5951586774308,375.05608331536894,392.2850373818859,384.69371876900595,,,353.9140679825844
2026-04-29,,286.11,287.1300000322657,370.00676976661214,381.0376974700015,375.42485187632946,392.7906577415398,384.5583084758421,,,353.865469337513
2026-04-30,,286.11,287.1300000322657,369.65619498121885,381.4802352691736,375.82788079688635,393.2962781011936,384.9001457341029,,,354.0572478449772
2026-05-01,,286.11,287.1300000322657,370.7174500396918,381.9227720749493,376.29092599660277,393.8018984608474,386.0378518804325,,,354.57298549782706
2026-05-02,,286.11,287.1300000322657,371.1302751917488,382.3653078873309,376.69494182482435,394.3075188205012,386.3715028735533,,,354.8727923757463
2026-05-03,,286.11,287.1300000322657,372.26537111934874,382.8078427063206,377.12820654210157,394.8131391801551,387.1352704914356,,,355.3414042959468
2026-05-04,,286.11,287.1300000322657,375.46493991286735,383.25037653192067,377.4829190203518,395.31875953980887,386.8056142405682,,,355.9375156111118
2026-05-05,,286.11,287.1300000322657,375.5618470166749,383.69290936413324,377.88994207423934,395.82437989946266,387.12533474105436,,,356.1906304468329
2026-05-06,,286.11,287.1300000322657,375.6330833344417,384.1354412029606,378.2581134577439,396.33000025911645,386.92577914644,,,356.3603453475669
2026-05-07,,286.11,287.1300000322657,375.38177313678017,384.57797204840494,378.6604193383552,396.83562061877035,387.22335947131967,,,356.5598778065566
2026-05-08,,286.11,287.1300000322657,374.75986978290626,385.02050190046856,379.1225212291044,397.34124097842414,388.33937219280426,,,356.831929445139
2026-05-09,,286.11,287.1300000322657,375.54061701481237,385.46303075915364,379.52580983348923,397.84686133807793,388.67584776745326,,,357.1845952493218
2026-05-10,,286.11,287.1300000322657,376.313695935475,385.9055586244624,379.9582398339768,398.3524816977317,389.4681171384622,,,357.6054418946249
2026-05-11,,286.11,287.1300000322657,374.7672791423601,386.3480854963971,380.3124052405745,398.8581020573856,389.19295506774523,,,357.53126100524685
2026-05-12,,286.11,287.1300000322657,374.4071000950867,386.79061137496,380.7186891989654,399.3637224170394,389.5926128868861,,,357.73039085788616
2026-05-13,,286.11,287.1300000322657,375.47689718616107,387.2331362601533,381.0862636124854,399.8693427766932,389.49703215776236,,,358.0575245750744
2026-05-14,,286.11,287.1300000322657,375.8899301576902,387.6756601519792,381.48784712270754,400.3749631363471,389.9204001123668,,,358.3698286733366
2026-05-15,,286.11,287.1300000322657,377.0344865179759,388.11818305043994,381.94900718217144,400.8805834960009,391.18103429101353,,,358.9147563671239
2026-05-16,,286.11,287.1300000322657,380.2699154539294,388.56070495553774,382.3515692490993,401.3862038556547,391.6773231517562,,,359.6408166711776
2026-05-17,,286.11,287.1300000322657,380.3629425879161,389.00322586727486,382.7831656139287,401.8918242153085,392.64040698653247,,,359.9887950433181
2026-05-18,,286.11,287.1300000322657,380.42997937369216,389.4457457856535,383.136783976404,402.3974445749624,392.54245544830496,,,360.1703441701832
2026-05-19,,286.11,287.1300000322657,380.17036397945947,389.88826471067597,383.54232957142204,402.90306493461617,393.1208500664551,,,360.4092676135564
2026-05-20,,286.11,287.1300000322657,379.53545058373186,390.33078264234445,383.909307226872,403.40868529426996,393.2005584667623,,,360.5178263208923
2026-05-21,,286.11,287.1300000322657,380.3210704505373,390.7732995806611,384.3101690390086,403.91430565392375,393.7908559798217,,,360.907100105174
2026-05-22,,286.11,287.1300000322657,381.09891416881686,391.2158155256283,384.7703887446525,404.41992601357765,395.20537662238934,,,361.4214887296186
2026-05-23,,286.11,287.1300000322657,379.5277885181082,391.6583304772481,385.1722249631848,404.92554637323144,395.83821471197894,,,361.48030072514536
2026-05-24,,286.11,287.1300000322657,379.1580052089546,392.10084443552284,385.60298877472025,405.43116673288523,396.91675603649554,,,361.7785373172634
2026-05-25,,286.11,287.1300000322657,380.23634433263027,392.54335740045474,385.956060125696,405.936787092539,396.91008974291435,,,362.11751981807146
2026-05-26,,286.11,287.1300000322657,380.6495851236316,392.985869372046,386.36086809197315,406.4424074521929,397.5533046247844,,,362.4617192424134
2026-05-27,,286.11,287.1300000322657,381.80360191660304,393.4283803502989,386.7272492056806,406.9480278118467,397.66995242696527,,,362.83103024909434
2026-05-28,,286.11,287.1300000322657,385.07489099499134,393.8708903352156,387.12738999475897,407.4536481715005,398.26883049369815,,,363.57652143177575
2026-05-29,,286.11,287.1300000322657,385.16403815915737,394.31339932679845,387.5866708238184,407.9592685311544,399.6640632456369,,,363.9896343026902
2026-05-30,,286.11,287.1300000322657,385.22687541294255,394.7559073250496,387.98778188567485,408.4648888908082,400.2512022002107,,,364.2752365352788
2026-05-31,,286.11,287.1300000322657,384.9589548221388,395.19841432997123,388.41771422749537,408.970509250462,401.2600229287171,,,364.5779450844357
2026-06-01,,286.11,287.1300000322657,384.31103138455734,395.6409203415656,388.770238604655,409.4761296101158,401.1628706376161,,,364.65731294439644
2026-06-02,,286.11,287.1300000322657,385.1015238862623,396.083425359835,389.17430967930846,409.9817499697697,401.69885963054634,,,365.0399812225696
2026-06-03,,286.11,287.1300000322657,385.88413240215874,396.52592938478165,389.54009447198416,410.48737032942347,401.69621186789806,,,365.33910549835883
2026-06-04,,286.11,287.1300000322657,384.28829789385617,396.9684324164077,389.93951491573154,410.99299068907726,402.1688905060738,,,365.371160921916
2026-06-05,,286.11,287.1300000322657,383.9089103228226,397.41093445471546,390.3978583451996,411.49861104873105,403.43651232061825,,,365.6989752177647
2026-06-06,,286.11,287.1300000322657,384.99579147909947,397.8534354997071,390.7982449447348,412.00423140838495,403.90026388456226,,,366.11313817839346
2026-06-07,,286.11,287.1300000322657,385.409240089573,398.29593555138484,391.22734690161593,412.50985176803874,404.79550564205755,,,366.4968399978479
2026-06-08,,286.11,287.1300000322657,386.57271731523025,398.738434609751,391.5793243476711,413.01547212769253,404.5999217307726,,,366.82083859476904
2026-06-09,,286.11,287.1300000322657,389.8798665360533,399.1809326748077,391.9826592702809,413.5210924873463,405.05752720861915,,,367.5517254584819
2026-06-10,,286.11,287.1300000322657,389.9651337303985,399.6234297465573,392.3478479669892,414.0267128470002,405.00082433672264,,,367.7434212371335
2026-06-11,,286.11,287.1300000322657,390.023771452193,400.0659258250019,392.74654874580926,414.532333206654,405.4472700698383,,,368.007978475966
2026-06-12,,286.11,287.1300000322657,389.7475456648182,400.5084209101438,393.20395625242406,415.0379535663078,406.7190445607319,,,368.35098871238455
2026-06-13,,286.11,287.1300000322657,389.0866121853829,400.9509150019852,393.60361908660417,415.5435739259617,407.21885089224276,,,368.5205101606346
2026-06-14,,286.11,287.1300000322657,389.8819773219873,401.3934081005284,394.03189174450023,416.0491942856155,408.18243477913063,,,368.9684151805754
2026-06-15,,286.11,287.1300000322657,390.6693506355007,401.83590020577554,394.383322307159,416.5548146452693,408.086685794572,,,369.25286766007747
2026-06-16,,286.11,287.1300000322657,389.0488072696042,402.2783913177289,394.7859218197452,417.0604350049231,408.6736344403676,,,369.2981699835192
2026-06-17,,286.11,287.1300000322657,388.65981543669045,402.7208814363907,395.1505146498745,417.566055364577,408.772638231343,,,369.44427216444876
2026-06-18,,286.11,287.1300000322657,389.7552386255687,403.16337056176314,395.548496446824,418.0716757242308,409.39691924343106,,,369.88224294772624
2026-06-19,,286.11,287.1300000322657,390.1688950555144,403.6058586938485,396.00496950705576,418.57729608388456,410.863441970798,,,370.3514944776238
2026-06-20,,286.11,287.1300000322657,391.34183271385734,404.048345832649,396.40390927543564,419.08291644353835,411.5688594830805,,,370.81226625440377
2026-06-21,,286.11,287.1300000322657,394.6848420771154,404.4908319781668,396.8313537214616,419.58853680319226,412.7422131770457,,,371.6539682556068
2026-06-22,,286.11,287.1300000322657,394.7662293016397,404.9333171304042,397.1822374533965,420.09415716284605,412.8532430784948,,,371.8670263084353
2026-06-23,,286.11,287.1300000322657,394.8206674914434,405.37580128936344,397.58410230039675,420.59977752249983,413.63661737402566,,,372.1795665728564
2026-06-24,,286.11,287.1300000322657,394.53613650749753,405.8182844550467,397.9480994976301,421.1053978821536,413.9143678069327,,,372.3660408830752
2026-06-25,,286.11,287.1300000322657,393.8621929862084,406.26076662745623,398.3453629983958,421.6110182418075,414.6926861286624,,,372.57314671639944
2026-06-26,,286.11,287.1300000322657,394.6624307577123,406.7032478065943,398.8009030884346,422.1166386014613,416.28206267072943,,,373.1150404224568
2026-06-27,,286.11,287.1300000322657,395.4545688688426,407.14572799246304,399.19912049313456,422.6222589611151,417.0734869455599,,,373.53359475619726
2026-06-28,,286.11,287.1300000322657,393.8093166453522,407.5882071850648,399.6257378155485,423.127879320769,418.29138741980535,,,373.668932631258
2026-06-29,,286.11,287.1300000322657,393.4107205505583,408.03068538440175,399.9760747743649,423.6334996804228,418.40215943849586,,,373.81330569435846
2026-06-30,,286.11,287.1300000322657,394.51468577203786,408.47316259047614,400.3772057026121,424.1391200400766,419.1385824173533,,,374.2689652221174
2026-07-01,,286.11,287.1300000322657,394.9285500214558,408.91563880329016,400.7406075048981,424.6447403997304,419.3224060259119,,,374.54170611250737
2026-07-02,,286.11,287.1300000322657,396.1109481124845,409.35811402284605,401.13715339777343,425.1503607593843,419.96125451349053,,,374.99397583403487
2026-07-03,,286.11,287.1300000322657,399.4898176181773,409.8005882491461,401.59176199351657,425.6559811190381,421.3688252772292,,,375.87813918419613
2026-07-04,,286.11,287.1300000322657,399.567324872881,410.2430614821924,401.98925773919956,426.16160147869186,421.9410978634059,,,376.16319192409094
2026-07-05,,286.11,287.1300000322657,399.61756353069376,410.6855337219873,402.415049027385,426.66722183834565,422.9092282194523,,,376.50494233858996
2026-07-06,,286.11,287.1300000322657,399.32472735017683,411.12800496853305,402.76483927558945,427.17284219799956,422.74797634560804,,,376.62548431002466
2026-07-07,,286.11,287.1300000322657,398.63777378703395,411.57047522183177,403.16523703428953,427.67846255765335,423.19996919588704,,,376.7845596898516
2026-07-08,,286.11,287.1300000322657,399.44288419343724,412.01294448188577,403.5280436838131,428.18408291730714,423.0980808666324,,,377.0722908821916
2026-07-09,,286.11,287.1300000322657,400.2397871021845,412.45541274869726,403.9238726596753,428.6897032769609,423.4620831004021,,,377.43012270288364
2026-07-10,,286.11,287.1300000322657,398.5698260211003,412.89788002226845,404.377551236715,429.19532363661483,424.6185475719694,,,377.5570183601334
2026-07-11,,286.11,287.1300000322657,398.16162566442625,413.3403463026016,404.77432603056394,429.7009439962686,424.97672289475196,,,377.74199498869694
2026-07-12,,286.11,287.1300000322657,399.27413291850706,413.7828115896989,405.19929237501213,430.2065643559224,425.7810691379809,,,378.2119814870553
2026-07-13,,286.11,287.1300000322657,399.68820498739717,414.22527588356263,405.54853597998107,430.7121847155763,425.5193070102541,,,378.41907265843383
2026-07-14,,286.11,287.1300000322657,400.8800635111117,414.667739184195,405.94820132069077,431.2178050752301,425.94629337452614,,,378.8428717854313
2026-07-15,,286.11,287.1300000322657,404.2947931592393,415.1102014915982,406.31041306384435,431.7234254348839,425.9060155039734,,,379.5121212408293
2026-07-16,,286.11,287.1300000322657,404.36842044412214,415.55266280577456,406.7055258161314,432.2290457945377,426.42786775966937,,,379.789074664643
2026-07-17,,286.11,287.1300000322657,404.4144595699442,415.99512312672624,407.1582758497426,432.7346661541916,427.84620280426856,,,380.19838964816273
2026-07-18,,286.11,287.1300000322657,404.1133181928562,416.4375824544554,407.55433040143765,433.2402865138454,428.5758906384715,,,380.4516297476188
2026-07-19,,286.11,287.1300000322657,403.4133545878595,416.88004078896444,407.97847289373027,433.74590687349917,429.86457800833693,,,380.73176474066514
2026-07-20,,286.11,287.1300000322657,404.22333762916224,417.32249813025544,408.3271699276788,434.25152723315296,430.20051422525216,,,381.0807210253953
2026-07-21,,286.11,287.1300000322657,405.0250053355264,417.7649544783307,408.72610360428394,434.75714759280686,431.3362628152406,,,381.549924836922
2026-07-22,,286.11,287.1300000322657,403.3303353968483,418.2074098331924,409.0877206916385,435.26276795246065,432.11059778702946,,,381.6055473847764
2026-07-23,,286.11,287.1300000322657,402.9125307782942,418.64986419484285,409.48211791632656,435.76838831211444,433.5447530039038,,,381.94252203396394
2026-07-24,,286.11,287.1300000322657,404.0335800649763,419.0923175632842,409.93394088145453,436.27400867176823,435.9620198364956,,,382.6479810071778
2026-07-25,,286.11,287.1300000322657,404.4478599533386,419.5347699385187,410.3292759031507,436.77962903142213,437.7634275837723,,,383.15642320606685
2026-07-26,,286.11,287.1300000322657,405.64917890973885,419.9772213205486,410.75259563594244,437.2852493910759,440.18019847536925,,,383.8692062521344
2026-07-27,,286.11,287.1300000322657,409.09976870030135,420.41967170937613,411.1007461758932,437.7908697507297,441.681840604615,,,384.76184242474017
2026-07-28,,286.11,287.1300000322657,409.16951601536334,420.8621211050035,411.49894894458646,438.2964901103836,444.0001935889314,,,385.29532425664775
2026-07-29,,286.11,287.1300000322657,409.2113556091946,421.304569507433,411.85997163086296,438.8021104700374,445.95171928202166,,,385.76710379025934
2026-07-30,,286.11,287.1300000322657,408.90190903553554,421.7470169166667,412.2536540264437,439.3077308296912,448.53419784592387,,,386.28350124093237
2026-07-31,,286.11,287.1300000322657,408.18893538868497,422.189463332707,412.70455139769206,439.813351189345,452.04681465231494,,,386.8833022847156
2026-08-01,,286.11,287.1300000322657,409.00379106488714,422.6319087555561,413.0991676039966,440.3189715489989,454.8663614865709,,,387.5943143560393
2026-08-02,,286.11,287.1300000322657,409.8102235688683,423.0743531852161,413.5216656709979,440.8245919086527,458.2002318106852,,,388.38158088238373
2026-08-03,,286.11,287.1300000322657,408.0908447725963,423.5167966216894,413.86926979875005,441.33021226830647,460.4950606293432,,,388.6488834461359
2026-08-04,,286.11,287.1300000322657,407.6634358921621,423.9592390649782,414.2667424180093,441.83583262796026,463.4613105208508,,,389.2037943651752
2026-08-05,,286.11,287.1300000322657,408.7930272114456,424.40168051508465,414.6271709620502,442.34145298761416,465.8960828280509,,,389.89991636235874
2026-08-06,,286.11,287.1300000322657,409.20751491927996,424.844120972011,415.0201392295082,442.84707334726795,468.78030123495137,,,390.56273567646923
2026-08-07,,286.11,287.1300000322657,410.41829430836606,425.2865604357595,415.47011248112676,443.35269370692174,472.3992407037348,,,391.45241452402496
2026-08-08,,286.11,287.1300000322657,413.9047442413633,425.7289989063324,415.86401058907705,443.85831406657553,475.1191136675255,,,392.53074021473424
2026-08-09,,286.11,287.1300000322657,413.9706115866046,426.1714363837319,416.28568808503695,444.36393442622943,478.14038288292056,,,393.1674361995413
2026-08-10,,286.11,287.1300000322657,414.00825164844497,426.6138728679602,416.6327458871355,444.8695547858832,479.9066426416929,,,393.61015255191177
2026-08-11,,286.11,287.1300000322657,413.69049987821484,427.05630835901957,417.0294891177024,445.375175145537,482.1293628111207,,,394.0744050491229
2026-08-12,,286.11,287.1300000322657,412.9645161895105,427.4987428569122,417.38932378244317,445.8807955051909,483.6107695604072,,,394.3691639895328
2026-08-13,,286.11,287.1300000322657,413.7842445006121,427.9411763616404,417.78157862523346,446.3864158648447,485.3410069702491,,,394.9249174792636
2026-08-14,,286.11,287.1300000322657,414.5954418022102,428.3836088732063,418.23062923110643,446.8920362244985,487.61855168098555,,,395.5657525491818
2026-08-15,,286.11,287.1300000322657,412.85135414834434,428.8260403916122,418.62380996014775,447.3976565841523,488.8265939095264,,,395.6807792894355
2026-08-16,,286.11,287.1300000322657,412.41434100603,429.26847091686034,419.04466798083683,447.9032769438062,490.186057915054,,,396.0081163992647
2026-08-17,,286.11,287.1300000322657,413.5524743579148,429.7109004489529,419.39117954854197,448.40889730346,490.16410945858615,,,396.35250873567446
2026-08-18,,286.11,287.1300000322657,413.96716988522144,430.1533289878921,419.78719415340004,448.91451766311377,490.4984526139648,,,396.65152333369394
2026-08-19,,286.11,287.1300000322657,415.1874097069932,430.59575653368023,420.14643520584104,449.42013802276756,490.0196995371086,,,396.9442055769509
2026-08-20,,286.11,287.1300000322657,418.7097197824253,431.03818308631946,420.53797732986703,449.92575838242146,489.74796877094263,,,397.5999439120346
2026-08-21,,286.11,287.1300000322657,418.7717071578458,431.4806086458121,420.9861067635009,450.43137874207525,490.01269697936027,,,397.8460711886942
2026-08-22,,286.11,287.1300000322657,418.8051476876954,431.92303321216025,421.37857083546436,450.93699910172904,489.2283912255395,,,397.9303060135506
2026-08-23,,286.11,287.1300000322657,418.4790907208942,432.36545678536623,421.7986104776578,451.44261946138283,488.6470093688467,,,397.99611240663046
2026-08-24,,286.11,287.1300000322657,417.74009699033604,432.8078793654323,422.14457590691427,451.94823982103674,486.76583096940317,,,397.8066604407698
2026-08-25,,286.11,287.1300000322657,418.5646979363371,433.25030095236065,422.53986265126764,452.4538601806905,485.3511358832877,,,397.9142653766013
2026-08-26,,286.11,287.1300000322657,419.38066003555207,433.69272154615345,422.8985103624459,452.9594805403443,483.25998859147023,,,397.9187658726045
2026-08-27,,286.11,287.1300000322657,417.61186352409237,434.135141146813,423.289340476037,453.4651008999982,481.5362975255183,,,397.61110622924633
2026-08-28,,286.11,287.1300000322657,417.1652461198979,434.5775597543415,423.7365502105489,453.970721259652,480.5301468749724,,,397.6028891788111
2026-08-29,,286.11,287.1300000322657,418.311921504384,435.01997736874125,424.1282983496295,454.4763416193058,478.6731391730135,,,397.69281114961996
2026-08-30,,286.11,287.1300000322657,418.7268248511628,435.4623939900144,424.54752071109016,454.9819619789596,477.23044572412044,,,397.7413067553733
2026-08-31,,286.11,287.1300000322657,419.9565251056204,435.9048096181632,424.89294010249705,455.4875823386135,474.70843482274296,,,397.7414702885576
2026-09-01,,286.11,287.1300000322657,423.51469532348733,436.3472242531899,425.2874997537493,455.9932026982673,472.8782003867529,,,398.1801174925303
2026-09-02,,286.11,287.1300000322657,423.57280272908696,436.7896378950967,425.64555439871054,456.4988230579211,470.5972922349789,,,398.0491586211514
2026-09-03,,286.11,287.1300000322657,423.60204372694585,437.2320505438858,426.0356732126001,457.00444341757486,468.9058181260048,,,398.0028612941824
2026-09-04,,286.11,287.1300000322657,423.26768156357355,437.67446219955946,426.481964720706,457.51006377722877,468.1459135468095,,,398.04572654859186
2026-09-05,,286.11,287.1300000322657,422.5156777911615,438.1168728621199,426.87299765344096,458.01568413688256,466.73731374294954,,,397.9283637455457
2026-09-06,,286.11,287.1300000322657,423.34515137206205,438.5592825315694,427.2914038329026,458.52130449653635,465.92971904100756,,,398.12669447233475
2026-09-07,,286.11,287.1300000322657,424.16587826889395,439.00169120791014,427.63627729168314,459.02692485619013,464.21081534880767,,,398.1830838579644
2026-09-08,,286.11,287.1300000322657,422.37237289984034,439.4440988911444,428.0301106194158,459.53254521584404,463.3302625514539,,,397.9927700299949
2026-09-09,,286.11,287.1300000322657,421.9161512337658,439.8865055812744,428.38757247718684,460.0381655754978,462.12194054082096,,,397.9414764915445
2026-09-10,,286.11,287.1300000322657,423.07136865085323,440.32891127830226,428.77698070449037,460.5437859351516,461.6006102131589,,,398.2230938306032
2026-09-11,,286.11,287.1300000322657,423.48647981710417,440.7713159822303,429.22235545849344,461.0494062948055,462.0819716775544,,,398.55021846606485
2026-09-12,,286.11,287.1300000322657,424.72564050424756,441.2137196930608,429.6126739137403,461.5550266544593,461.9588398085297,,,398.90084294375765
2026-09-13,,286.11,287.1300000322657,428.3196708645493,441.6561224107959,430.0302650108909,462.0606470141131,462.45411358790676,,,399.6801169886459
2026-09-14,,286.11,287.1300000322657,428.3738983003282,442.09852413543786,430.3745926468623,462.5662673737669,462.0293866375133,,,399.81180987516774
2026-09-15,,286.11,287.1300000322657,428.3989397661962,442.5409248669889,430.7677004228139,463.0718877334208,462.40949766405447,,,400.06127864082003
2026-09-16,,286.11,287.1300000322657,428.0562724062529,442.9833246054513,431.12456977637464,463.5775080930746,462.4052973934022,,,400.1981389009744
2026-09-17,,286.11,287.1300000322657,427.2912585919871,443.4257233508272,431.5132681325679,464.0831284527284,463.01077733197593,,,400.36630798462176
2026-09-18,,286.11,287.1300000322657,428.125604807787,443.8681211031189,431.9577276043469,464.58874881238216,464.5235320582195,,,400.90053348830287
2026-09-19,,286.11,287.1300000322657,428.9510965022358,444.3105178623286,432.347332313262,465.09436917203607,465.32126635004835,,,401.32351174745384
2026-09-20,,286.11,287.1300000322657,427.13288227558843,444.75291362845854,432.7641094287273,465.59998953168986,466.61501668703437,,,401.44355879768057
2026-09-21,,286.11,287.1300000322657,426.66705634763366,445.19530840151094,433.10789135627095,466.10560989134365,466.85792970101255,,,401.59625653286247
2026-09-22,,286.11,287.1300000322657,427.83081579732243,445.63770218148807,433.5002743543161,466.61123025099744,467.7698936495434,,,402.0842737522762
2026-09-23,,286.11,287.1300000322657,428.2461347830456,446.0800949683921,433.85655149057214,467.11685061065134,468.16029906895534,,,402.3857044219832
2026-09-24,,286.11,287.1300000322657,429.49475590287466,446.52248676222524,434.2445406934693,467.62247097030513,469.02507573707646,,,402.87847572831663
2026-09-25,,286.11,287.1300000322657,433.1246464056113,446.9648775629898,434.68808635446715,468.1280913299589,470.66698158411754,,,403.8303833242015
2026-09-26,,286.11,287.1300000322657,433.1749938715694,447.407267370688,435.07697805048406,468.6337116896128,471.4718608100565,,,404.1435445463823
2026-09-27,,286.11,287.1300000322657,433.1958358054466,447.849656185322,435.492942285811,469.1393320492666,472.66154854021937,,,404.5113306997617
2026-09-28,,286.11,287.1300000322657,432.8448632489322,448.29204400689406,435.83617862384256,469.6449524089204,472.7022740027355,,,404.6514731890843
2026-09-29,,286.11,287.1300000322657,432.06683939281265,448.73443083540644,436.227837619971,470.1505727685742,473.3288690658738,,,404.82122138784337
2026-09-30,,286.11,287.1300000322657,432.906058243512,449.17681667086134,436.58352282972623,470.6561931282281,473.367070113426,,,405.1328087168599
